file,class,method,constructor,line,cbo,cboModified,fanin,fanout,wmc,rfc,loc,returnsQty,variablesQty,parametersQty,methodsInvokedQty,methodsInvokedLocalQty,methodsInvokedIndirectLocalQty,loopQty,comparisonsQty,tryCatchQty,parenthesizedExpsQty,stringLiteralsQty,numbersQty,assignmentsQty,mathOperationsQty,maxNestedBlocksQty,anonymousClassesQty,innerClassesQty,lambdasQty,uniqueWordsQty,modifiers,logStatementsQty,hasJavaDoc
C:\opt\GraphEvoPRV2\projects\walt\walt-12-35\google-walt-56cd259\android\WALT\app\src\main\java\org\chromium\latency\walt\ClockManager.java,org.chromium.latency.walt.ClockManager$TriggerListener,isRunning/0,false,516,0,1,1,0,2,0,3,1,0,0,0,0,0,0,1,0,0,0,0,0,0,0,0,0,0,3,33,0,false
C:\opt\GraphEvoPRV2\projects\walt\walt-12-35\google-walt-56cd259\android\WALT\app\src\main\java\org\chromium\latency\walt\ClockManager.java,org.chromium.latency.walt.ClockManager$TriggerListener,run/0,false,501,3,3,0,3,6,9,14,0,2,0,9,1,1,1,2,0,0,1,5,4,1,3,0,0,0,13,1,0,false
C:\opt\GraphEvoPRV2\projects\walt\walt-12-35\google-walt-56cd259\android\WALT\app\src\main\java\org\chromium\latency\walt\ClockManager.java,org.chromium.latency.walt.ClockManager$TriggerListener,stop/0,false,524,0,1,1,0,1,0,3,0,0,0,0,0,0,0,0,0,0,0,0,1,0,0,0,0,0,2,33,0,false
C:\opt\GraphEvoPRV2\projects\walt\walt-12-35\google-walt-56cd259\android\WALT\app\src\main\java\org\chromium\latency\walt\ClockManager.java,org.chromium.latency.walt.ClockManager$TriggerListener,isStopped/0,false,520,0,1,1,0,2,0,3,1,0,0,0,0,0,0,1,0,0,0,0,0,0,0,0,0,0,3,33,0,false
C:\opt\GraphEvoPRV2\projects\walt\walt-12-35\google-walt-56cd259\android\WALT\app\src\main\java\org\chromium\latency\walt\MidiFragment.java,org.chromium.latency.walt.MidiFragment$Anonymous1,"onReceive/2[org.chromium.latency.walt.Context,org.chromium.latency.walt.Intent]",false,88,2,9,0,9,1,2,4,0,1,2,2,0,0,0,0,0,0,2,0,1,1,0,0,0,0,5,1,0,false
C:\opt\GraphEvoPRV2\projects\walt\walt-12-35\google-walt-56cd259\android\WALT\app\src\main\java\org\chromium\latency\walt\AudioTest.java,org.chromium.latency.walt.AudioTest$Anonymous1,onReceive/1[org.chromium.latency.walt.ClockManager.TriggerMessage],false,134,3,4,0,4,1,6,10,0,3,1,6,0,0,0,0,0,2,1,3,3,4,0,0,0,0,19,1,0,false
C:\opt\GraphEvoPRV2\projects\walt\walt-12-35\google-walt-56cd259\android\WALT\app\src\main\java\org\chromium\latency\walt\AudioTest.java,org.chromium.latency.walt.AudioTest$Anonymous2,run/0,false,157,3,24,0,24,5,9,25,3,2,0,9,0,0,0,1,1,1,4,4,3,3,1,0,0,0,28,1,0,false
C:\opt\GraphEvoPRV2\projects\walt\walt-12-35\google-walt-56cd259\android\WALT\app\src\main\java\org\chromium\latency\walt\SimpleLogger.java,org.chromium.latency.walt.SimpleLogger,log/1[java.lang.String],false,53,1,48,48,0,2,5,10,0,1,1,5,0,0,0,1,0,0,1,0,1,0,1,0,0,0,15,1,0,false
C:\opt\GraphEvoPRV2\projects\walt\walt-12-35\google-walt-56cd259\android\WALT\app\src\main\java\org\chromium\latency\walt\SimpleLogger.java,org.chromium.latency.walt.SimpleLogger,getInstance/1[org.chromium.latency.walt.Context],false,40,2,13,12,1,2,1,8,1,0,1,1,0,0,0,1,0,0,0,0,1,0,2,0,0,0,9,9,0,false
C:\opt\GraphEvoPRV2\projects\walt\walt-12-35\google-walt-56cd259\android\WALT\app\src\main\java\org\chromium\latency\walt\SimpleLogger.java,org.chromium.latency.walt.SimpleLogger,clear/0,false,76,0,0,0,0,1,0,3,0,0,0,0,0,0,0,0,0,0,0,0,1,0,0,0,0,0,4,1,0,false
C:\opt\GraphEvoPRV2\projects\walt\walt-12-35\google-walt-56cd259\android\WALT\app\src\main\java\org\chromium\latency\walt\SimpleLogger.java,org.chromium.latency.walt.SimpleLogger,SimpleLogger/1[org.chromium.latency.walt.Context],true,49,1,1,1,0,1,1,3,0,0,1,1,0,0,0,0,0,0,0,0,1,0,0,0,0,0,6,2,0,false
C:\opt\GraphEvoPRV2\projects\walt\walt-12-35\google-walt-56cd259\android\WALT\app\src\main\java\org\chromium\latency\walt\SimpleLogger.java,org.chromium.latency.walt.SimpleLogger,registerReceiver/1[org.chromium.latency.walt.BroadcastReceiver],false,64,2,7,7,0,1,1,3,0,0,1,1,0,0,0,0,0,0,0,0,0,0,0,0,0,0,14,1,0,false
C:\opt\GraphEvoPRV2\projects\walt\walt-12-35\google-walt-56cd259\android\WALT\app\src\main\java\org\chromium\latency\walt\SimpleLogger.java,org.chromium.latency.walt.SimpleLogger,unregisterReceiver/1[org.chromium.latency.walt.BroadcastReceiver],false,68,1,7,7,0,1,1,3,0,0,1,1,0,0,0,0,0,0,0,0,0,0,0,0,0,0,4,1,0,false
C:\opt\GraphEvoPRV2\projects\walt\walt-12-35\google-walt-56cd259\android\WALT\app\src\main\java\org\chromium\latency\walt\SimpleLogger.java,org.chromium.latency.walt.SimpleLogger,getLogText/0,false,72,0,9,9,0,1,1,3,1,0,0,1,0,0,0,0,0,0,0,0,0,0,0,0,0,0,3,1,0,false
C:\opt\GraphEvoPRV2\projects\walt\walt-12-35\google-walt-56cd259\android\WALT\app\src\main\java\org\chromium\latency\walt\TapLatencyFragment.java,org.chromium.latency.walt.TapLatencyFragment$Anonymous1,"onReceive/2[org.chromium.latency.walt.Context,org.chromium.latency.walt.Intent]",false,57,3,9,0,9,1,2,4,0,1,2,2,0,0,0,0,0,0,1,0,1,0,0,0,0,0,5,1,0,false
C:\opt\GraphEvoPRV2\projects\walt\walt-12-35\google-walt-56cd259\android\WALT\app\src\main\java\org\chromium\latency\walt\AudioFragment.java,org.chromium.latency.walt.AudioFragment,onClick/1[org.chromium.latency.walt.View],false,92,3,2,0,2,3,3,10,0,0,1,3,1,1,0,0,0,0,0,0,0,0,1,0,0,0,7,1,0,false
C:\opt\GraphEvoPRV2\projects\walt\walt-12-35\google-walt-56cd259\android\WALT\app\src\main\java\org\chromium\latency\walt\AudioFragment.java,org.chromium.latency.walt.AudioFragment,AudioFragment/0,true,45,0,1,1,0,1,0,2,0,0,0,0,0,0,0,0,0,0,0,0,0,0,0,0,0,0,2,1,0,false
C:\opt\GraphEvoPRV2\projects\walt\walt-12-35\google-walt-56cd259\android\WALT\app\src\main\java\org\chromium\latency\walt\AudioFragment.java,org.chromium.latency.walt.AudioFragment,"onCreateView/3[org.chromium.latency.walt.LayoutInflater,org.chromium.latency.walt.ViewGroup,org.chromium.latency.walt.Bundle]",false,52,6,2,0,2,1,4,6,1,0,3,4,0,0,0,0,0,0,0,0,3,0,0,0,0,0,16,1,0,false
C:\opt\GraphEvoPRV2\projects\walt\walt-12-35\google-walt-56cd259\android\WALT\app\src\main\java\org\chromium\latency\walt\AudioFragment.java,org.chromium.latency.walt.AudioFragment,onResume/0,false,64,2,2,0,2,1,6,8,0,0,0,6,0,0,0,0,0,0,0,0,1,0,0,0,0,0,7,1,0,false
C:\opt\GraphEvoPRV2\projects\walt\walt-12-35\google-walt-56cd259\android\WALT\app\src\main\java\org\chromium\latency\walt\AudioFragment.java,org.chromium.latency.walt.AudioFragment,onDestroy/0,false,86,1,1,0,1,1,2,4,0,0,0,2,0,0,0,0,0,0,0,0,0,0,0,0,0,0,2,1,0,false
C:\opt\GraphEvoPRV2\projects\walt\walt-12-35\google-walt-56cd259\android\WALT\app\src\main\java\org\chromium\latency\walt\AudioFragment.java,org.chromium.latency.walt.AudioFragment,"onRequestPermissionsResult/3[int,java.lang.String[],int[]]",false,124,3,2,0,2,4,2,12,1,0,3,2,0,0,0,1,0,0,1,2,0,0,2,0,0,0,13,1,0,false
C:\opt\GraphEvoPRV2\projects\walt\walt-12-35\google-walt-56cd259\android\WALT\app\src\main\java\org\chromium\latency\walt\AudioFragment.java,org.chromium.latency.walt.AudioFragment,attemptRecordingTest/0,false,111,1,2,1,1,2,4,9,0,1,0,4,0,0,0,1,0,0,0,0,1,0,1,0,0,0,7,2,0,false
C:\opt\GraphEvoPRV2\projects\walt\walt-12-35\google-walt-56cd259\android\WALT\app\src\main\java\org\chromium\latency\walt\AudioFragment.java,org.chromium.latency.walt.AudioFragment,onPause/0,false,80,1,1,0,1,1,2,4,0,0,0,2,0,0,0,0,0,0,0,0,0,0,0,0,0,0,5,1,0,false
C:\opt\GraphEvoPRV2\projects\walt\walt-12-35\google-walt-56cd259\android\WALT\app\src\main\java\org\chromium\latency\walt\AutoRunFragment.java,org.chromium.latency.walt.AutoRunFragment$Anonymous2,run/0,false,53,1,24,0,24,1,2,4,0,1,0,2,0,0,0,0,0,0,0,0,1,0,0,0,0,0,6,1,0,false
C:\opt\GraphEvoPRV2\projects\walt\walt-12-35\google-walt-56cd259\android\WALT\app\src\main\java\org\chromium\latency\walt\AutoRunFragment.java,org.chromium.latency.walt.AutoRunFragment$Anonymous1,run/0,false,43,1,24,0,24,1,2,4,0,1,0,2,0,0,0,0,0,0,0,0,1,0,0,0,0,0,6,1,0,false
C:\opt\GraphEvoPRV2\projects\walt\walt-12-35\google-walt-56cd259\android\WALT\app\src\main\java\org\chromium\latency\walt\ClockManager.java,org.chromium.latency.walt.ClockManager$TriggerHandler$Anonymous4,run/0,false,476,1,24,0,24,1,1,3,0,0,0,1,0,0,0,0,0,0,0,0,0,0,0,0,0,0,4,1,0,false
C:\opt\GraphEvoPRV2\projects\walt\walt-12-35\google-walt-56cd259\android\WALT\app\src\main\java\org\chromium\latency\walt\AutoRunFragment.java,org.chromium.latency.walt.AutoRunFragment$Anonymous5,"onReceive/2[org.chromium.latency.walt.Context,org.chromium.latency.walt.Intent]",false,102,2,9,0,9,1,2,4,0,1,2,2,0,0,0,0,0,0,2,0,1,1,0,0,0,0,5,1,0,false
C:\opt\GraphEvoPRV2\projects\walt\walt-12-35\google-walt-56cd259\android\WALT\app\src\main\java\org\chromium\latency\walt\AutoRunFragment.java,org.chromium.latency.walt.AutoRunFragment$Anonymous4,run/0,false,74,1,24,0,24,1,2,5,0,1,0,2,0,0,0,0,0,0,0,0,2,0,0,0,0,0,9,1,0,false
C:\opt\GraphEvoPRV2\projects\walt\walt-12-35\google-walt-56cd259\android\WALT\app\src\main\java\org\chromium\latency\walt\AutoRunFragment.java,org.chromium.latency.walt.AutoRunFragment$Anonymous3,run/0,false,63,1,24,0,24,1,2,5,0,1,0,2,0,0,0,0,0,0,0,0,2,0,0,0,0,0,9,1,0,false
C:\opt\GraphEvoPRV2\projects\walt\walt-12-35\google-walt-56cd259\android\WALT\app\src\main\java\org\chromium\latency\walt\MidiTest.java,org.chromium.latency.walt.MidiTest$Anonymous6,run/0,false,203,2,24,0,24,2,5,13,1,1,0,5,0,0,0,0,1,0,2,0,2,1,1,0,0,0,15,1,0,false
C:\opt\GraphEvoPRV2\projects\walt\walt-12-35\google-walt-56cd259\android\WALT\app\src\main\java\org\chromium\latency\walt\MidiTest.java,org.chromium.latency.walt.MidiTest$Anonymous7,run/0,false,219,2,24,0,24,2,4,12,0,3,0,4,0,0,0,1,0,3,2,4,3,7,1,0,0,0,18,1,0,false
C:\opt\GraphEvoPRV2\projects\walt\walt-12-35\google-walt-56cd259\android\WALT\app\src\main\java\org\chromium\latency\walt\MidiTest.java,org.chromium.latency.walt.MidiTest$Anonymous4,onReceive/1[org.chromium.latency.walt.ClockManager.TriggerMessage],false,149,3,4,0,4,1,3,6,0,1,1,3,0,0,0,0,0,1,1,1,2,3,0,0,0,0,13,1,0,false
C:\opt\GraphEvoPRV2\projects\walt\walt-12-35\google-walt-56cd259\android\WALT\app\src\main\java\org\chromium\latency\walt\MidiTest.java,org.chromium.latency.walt.MidiTest$Anonymous5,run/0,false,183,2,24,0,24,1,2,4,0,0,0,2,0,0,0,0,0,0,1,0,0,0,0,0,0,0,11,1,0,false
C:\opt\GraphEvoPRV2\projects\walt\walt-12-35\google-walt-56cd259\android\WALT\app\src\main\java\org\chromium\latency\walt\MidiTest.java,org.chromium.latency.walt.MidiTest$Anonymous2,run/0,false,95,1,24,0,24,1,1,3,0,0,0,1,0,0,0,0,0,0,0,0,0,0,0,0,0,0,4,1,0,false
C:\opt\GraphEvoPRV2\projects\walt\walt-12-35\google-walt-56cd259\android\WALT\app\src\main\java\org\chromium\latency\walt\MidiTest.java,org.chromium.latency.walt.MidiTest$Anonymous3,onDeviceOpened/1[org.chromium.latency.walt.MidiDevice],false,132,2,1,0,1,2,1,10,0,0,1,1,0,0,0,1,0,0,2,0,2,0,1,0,0,0,16,1,0,false
C:\opt\GraphEvoPRV2\projects\walt\walt-12-35\google-walt-56cd259\android\WALT\app\src\main\java\org\chromium\latency\walt\DragLatencyFragment.java,org.chromium.latency.walt.DragLatencyFragment,reshapeAndCalculate/0,false,222,4,3,1,2,8,7,34,1,11,0,7,1,1,4,0,0,2,2,12,15,7,1,0,0,0,27,0,0,false
C:\opt\GraphEvoPRV2\projects\walt\walt-12-35\google-walt-56cd259\android\WALT\app\src\main\java\org\chromium\latency\walt\DragLatencyFragment.java,org.chromium.latency.walt.DragLatencyFragment,appendLogText/1[java.lang.String],false,118,0,1,1,0,1,1,3,0,0,1,1,0,0,0,0,0,0,1,0,0,1,0,0,0,0,4,1,0,false
C:\opt\GraphEvoPRV2\projects\walt\walt-12-35\google-walt-56cd259\android\WALT\app\src\main\java\org\chromium\latency\walt\DragLatencyFragment.java,org.chromium.latency.walt.DragLatencyFragment,DragLatencyFragment/0,true,81,0,1,1,0,1,0,2,0,0,0,0,0,0,0,0,0,0,0,0,0,0,0,0,0,0,3,1,0,false
C:\opt\GraphEvoPRV2\projects\walt\walt-12-35\google-walt-56cd259\android\WALT\app\src\main\java\org\chromium\latency\walt\DragLatencyFragment.java,org.chromium.latency.walt.DragLatencyFragment,onResume/0,false,97,2,2,0,2,1,6,10,0,0,0,6,0,0,0,0,0,0,0,0,2,0,0,0,0,0,9,1,0,false
C:\opt\GraphEvoPRV2\projects\walt\walt-12-35\google-walt-56cd259\android\WALT\app\src\main\java\org\chromium\latency\walt\DragLatencyFragment.java,org.chromium.latency.walt.DragLatencyFragment,onClick/1[org.chromium.latency.walt.View],false,276,2,3,0,3,4,4,14,3,0,1,4,3,4,0,3,0,0,0,0,0,0,1,0,0,0,16,1,0,true
C:\opt\GraphEvoPRV2\projects\walt\walt-12-35\google-walt-56cd259\android\WALT\app\src\main\java\org\chromium\latency\walt\DragLatencyFragment.java,org.chromium.latency.walt.DragLatencyFragment,startMeasurement/0,false,132,2,6,1,5,3,7,19,1,0,0,7,0,0,0,0,2,0,3,0,0,2,1,0,0,0,14,0,0,false
C:\opt\GraphEvoPRV2\projects\walt\walt-12-35\google-walt-56cd259\android\WALT\app\src\main\java\org\chromium\latency\walt\DragLatencyFragment.java,org.chromium.latency.walt.DragLatencyFragment,logRawData/0,false,203,1,1,0,1,3,4,12,0,1,0,4,0,0,2,0,0,0,6,1,1,1,1,0,0,0,24,0,0,false
C:\opt\GraphEvoPRV2\projects\walt\walt-12-35\google-walt-56cd259\android\WALT\app\src\main\java\org\chromium\latency\walt\DragLatencyFragment.java,org.chromium.latency.walt.DragLatencyFragment,updateCountsDisplay/0,false,123,1,3,3,0,1,4,6,0,2,0,4,0,0,0,0,0,0,2,0,2,0,0,0,0,0,7,0,0,false
C:\opt\GraphEvoPRV2\projects\walt\walt-12-35\google-walt-56cd259\android\WALT\app\src\main\java\org\chromium\latency\walt\DragLatencyFragment.java,org.chromium.latency.walt.DragLatencyFragment,finishAndShowStats/0,false,171,3,6,1,5,4,10,21,2,0,0,10,1,2,0,0,1,0,4,2,0,1,1,0,0,0,17,0,0,false
C:\opt\GraphEvoPRV2\projects\walt\walt-12-35\google-walt-56cd259\android\WALT\app\src\main\java\org\chromium\latency\walt\DragLatencyFragment.java,org.chromium.latency.walt.DragLatencyFragment,restartMeasurement/0,false,151,3,4,1,3,2,5,16,0,0,0,5,1,1,0,0,1,0,2,5,5,1,1,0,0,0,23,0,0,false
C:\opt\GraphEvoPRV2\projects\walt\walt-12-35\google-walt-56cd259\android\WALT\app\src\main\java\org\chromium\latency\walt\DragLatencyFragment.java,org.chromium.latency.walt.DragLatencyFragment,"onCreateView/3[org.chromium.latency.walt.LayoutInflater,org.chromium.latency.walt.ViewGroup,org.chromium.latency.walt.Bundle]",false,88,6,2,0,2,1,5,6,1,0,3,5,0,0,0,0,0,0,0,0,3,0,0,0,0,0,15,1,0,false
C:\opt\GraphEvoPRV2\projects\walt\walt-12-35\google-walt-56cd259\android\WALT\app\src\main\java\org\chromium\latency\walt\DragLatencyFragment.java,org.chromium.latency.walt.DragLatencyFragment,onPause/0,false,113,1,1,0,1,1,2,4,0,0,0,2,0,0,0,0,0,0,0,0,0,0,0,0,0,0,5,1,0,false
C:\opt\GraphEvoPRV2\projects\walt\walt-12-35\google-walt-56cd259\android\WALT\app\src\main\java\org\chromium\latency\walt\DragLatencyFragment.java,org.chromium.latency.walt.DragLatencyFragment,"calculateDragLatency/4[double[],double[],double[],int[]]",false,304,4,6,1,5,4,6,20,1,8,4,6,0,0,2,1,0,2,3,10,10,5,1,0,0,0,21,1,0,false
C:\opt\GraphEvoPRV2\projects\walt\walt-12-35\google-walt-56cd259\android\WALT\app\src\main\java\org\chromium\latency\walt\FrontPageFragment.java,org.chromium.latency.walt.FrontPageFragment,FrontPageFragment/0,true,33,0,1,1,0,1,0,2,0,0,0,0,0,0,0,0,0,0,0,0,0,0,0,0,0,0,3,1,0,false
C:\opt\GraphEvoPRV2\projects\walt\walt-12-35\google-walt-56cd259\android\WALT\app\src\main\java\org\chromium\latency\walt\FrontPageFragment.java,org.chromium.latency.walt.FrontPageFragment,"onCreateView/3[org.chromium.latency.walt.LayoutInflater,org.chromium.latency.walt.ViewGroup,org.chromium.latency.walt.Bundle]",false,40,4,0,0,0,2,6,7,1,1,3,6,0,0,0,0,0,0,0,0,1,0,1,0,0,0,9,1,0,false
C:\opt\GraphEvoPRV2\projects\walt\walt-12-35\google-walt-56cd259\android\WALT\app\src\main\java\org\chromium\latency\walt\MidiTest.java,org.chromium.latency.walt.MidiTest$Anonymous1,run/0,false,70,1,24,0,24,1,1,3,0,0,0,1,0,0,0,0,0,0,0,0,0,0,0,0,0,0,4,1,0,false
C:\opt\GraphEvoPRV2\projects\walt\walt-12-35\google-walt-56cd259\android\WALT\app\src\main\java\org\chromium\latency\walt\AudioTest.java,org.chromium.latency.walt.AudioTest,beginRecordingTest/0,false,97,3,7,3,4,2,6,14,1,0,0,6,2,1,0,0,1,1,2,2,1,3,1,0,0,0,22,0,0,false
C:\opt\GraphEvoPRV2\projects\walt\walt-12-35\google-walt-56cd259\android\WALT\app\src\main\java\org\chromium\latency\walt\AudioTest.java,org.chromium.latency.walt.AudioTest,createEngine/0,false,60,0,1,1,0,1,0,1,0,0,0,0,0,0,0,0,0,0,0,0,0,0,0,0,0,0,2,265,0,false
C:\opt\GraphEvoPRV2\projects\walt\walt-12-35\google-walt-56cd259\android\WALT\app\src\main\java\org\chromium\latency\walt\AudioTest.java,org.chromium.latency.walt.AudioTest,destroyEngine/0,false,61,0,1,1,0,1,0,1,0,0,0,0,0,0,0,0,0,0,0,0,0,0,0,0,0,0,2,265,0,false
C:\opt\GraphEvoPRV2\projects\walt\walt-12-35\google-walt-56cd259\android\WALT\app\src\main\java\org\chromium\latency\walt\AudioTest.java,org.chromium.latency.walt.AudioTest,finishAndShowStats/0,false,241,3,6,1,5,1,7,7,0,0,0,7,0,0,0,0,0,0,2,0,0,1,0,0,0,0,11,2,0,false
C:\opt\GraphEvoPRV2\projects\walt\walt-12-35\google-walt-56cd259\android\WALT\app\src\main\java\org\chromium\latency\walt\AudioTest.java,org.chromium.latency.walt.AudioTest,"createBufferQueueAudioPlayer/2[int,int]",false,62,0,1,1,0,1,0,1,0,0,2,0,0,0,0,0,0,0,0,0,0,0,0,0,0,0,7,265,0,false
C:\opt\GraphEvoPRV2\projects\walt\walt-12-35\google-walt-56cd259\android\WALT\app\src\main\java\org\chromium\latency\walt\AudioTest.java,org.chromium.latency.walt.AudioTest,AudioTest/1[org.chromium.latency.walt.Context],true,71,5,7,2,5,1,8,14,0,4,1,8,2,1,0,0,0,0,3,0,7,2,0,0,0,0,22,0,0,false
C:\opt\GraphEvoPRV2\projects\walt\walt-12-35\google-walt-56cd259\android\WALT\app\src\main\java\org\chromium\latency\walt\AudioTest.java,org.chromium.latency.walt.AudioTest,playTone/0,false,58,0,1,1,0,1,0,1,0,0,0,0,0,0,0,0,0,0,0,0,0,0,0,0,0,0,2,265,0,false
C:\opt\GraphEvoPRV2\projects\walt\walt-12-35\google-walt-56cd259\android\WALT\app\src\main\java\org\chromium\latency\walt\AudioTest.java,org.chromium.latency.walt.AudioTest,getTcRec/0,false,68,0,1,1,0,1,0,1,0,0,0,0,0,0,0,0,0,0,0,0,0,0,0,0,0,0,3,265,0,false
C:\opt\GraphEvoPRV2\projects\walt\walt-12-35\google-walt-56cd259\android\WALT\app\src\main\java\org\chromium\latency\walt\AudioTest.java,org.chromium.latency.walt.AudioTest,startMeasurement/0,false,111,2,6,2,4,2,7,16,1,0,0,7,0,0,0,0,1,0,2,3,2,1,1,0,0,0,14,0,0,false
C:\opt\GraphEvoPRV2\projects\walt\walt-12-35\google-walt-56cd259\android\WALT\app\src\main\java\org\chromium\latency\walt\AudioTest.java,org.chromium.latency.walt.AudioTest,startRecording/0,false,64,0,1,1,0,1,0,1,0,0,0,0,0,0,0,0,0,0,0,0,0,0,0,0,0,0,2,265,0,false
C:\opt\GraphEvoPRV2\projects\walt\walt-12-35\google-walt-56cd259\android\WALT\app\src\main\java\org\chromium\latency\walt\AudioTest.java,org.chromium.latency.walt.AudioTest,(initializer 1),false,29,0,0,0,0,1,1,3,0,0,0,1,0,0,0,0,0,0,1,0,0,0,0,0,0,0,0,8,0,false
C:\opt\GraphEvoPRV2\projects\walt\walt-12-35\google-walt-56cd259\android\WALT\app\src\main\java\org\chromium\latency\walt\AudioTest.java,org.chromium.latency.walt.AudioTest,"createAudioRecorder/2[int,int]",false,65,0,1,1,0,1,0,1,0,0,2,0,0,0,0,0,0,0,0,0,0,0,0,0,0,0,6,265,0,false
C:\opt\GraphEvoPRV2\projects\walt\walt-12-35\google-walt-56cd259\android\WALT\app\src\main\java\org\chromium\latency\walt\AudioTest.java,org.chromium.latency.walt.AudioTest,getTeRec/0,false,67,0,1,1,0,1,0,1,0,0,0,0,0,0,0,0,0,0,0,0,0,0,0,0,0,0,3,265,0,false
C:\opt\GraphEvoPRV2\projects\walt\walt-12-35\google-walt-56cd259\android\WALT\app\src\main\java\org\chromium\latency\walt\AudioTest.java,org.chromium.latency.walt.AudioTest,getTePlay/0,false,69,0,1,1,0,1,0,1,0,0,0,0,0,0,0,0,0,0,0,0,0,0,0,0,0,0,3,265,0,false
C:\opt\GraphEvoPRV2\projects\walt\walt-12-35\google-walt-56cd259\android\WALT\app\src\main\java\org\chromium\latency\walt\AudioTest.java,org.chromium.latency.walt.AudioTest,getRecordedWave/0,false,66,1,1,1,0,1,0,1,0,0,0,0,0,0,0,0,0,0,0,0,0,0,0,0,0,0,3,265,0,false
C:\opt\GraphEvoPRV2\projects\walt\walt-12-35\google-walt-56cd259\android\WALT\app\src\main\java\org\chromium\latency\walt\AudioTest.java,org.chromium.latency.walt.AudioTest,teardown/0,false,92,2,4,2,2,1,2,4,0,0,0,2,1,1,0,0,0,0,1,0,0,0,0,0,0,0,4,0,0,false
C:\opt\GraphEvoPRV2\projects\walt\walt-12-35\google-walt-56cd259\android\WALT\app\src\main\java\org\chromium\latency\walt\Utils.java,org.chromium.latency.walt.Utils,"array2string/2[double[],java.lang.String]",false,106,1,0,0,0,2,3,10,1,1,2,3,0,0,1,0,0,0,3,0,1,0,1,0,0,0,7,9,0,false
C:\opt\GraphEvoPRV2\projects\walt\walt-12-35\google-walt-56cd259\android\WALT\app\src\main\java\org\chromium\latency\walt\Utils.java,org.chromium.latency.walt.Utils,"findBestShift/3[double[],double[],double[]]",false,132,2,4,1,3,3,3,15,1,8,3,3,3,1,2,0,0,0,0,4,10,3,2,0,0,0,52,9,0,true
C:\opt\GraphEvoPRV2\projects\walt\walt-12-35\google-walt-56cd259\android\WALT\app\src\main\java\org\chromium\latency\walt\Utils.java,org.chromium.latency.walt.Utils,"interp/3[double[],double[],double[]]",false,53,1,2,2,0,8,0,15,1,5,3,0,0,0,3,0,0,1,0,7,6,10,2,0,0,0,25,9,0,true
C:\opt\GraphEvoPRV2\projects\walt\walt-12-35\google-walt-56cd259\android\WALT\app\src\main\java\org\chromium\latency\walt\Utils.java,org.chromium.latency.walt.Utils,stdev/1[double[]],false,75,1,1,1,0,3,1,8,1,3,1,1,0,0,2,0,0,2,0,2,5,5,1,0,0,0,6,9,0,false
C:\opt\GraphEvoPRV2\projects\walt\walt-12-35\google-walt-56cd259\android\WALT\app\src\main\java\org\chromium\latency\walt\Utils.java,org.chromium.latency.walt.Utils,argmin/1[double[]],false,118,1,1,1,0,3,0,5,1,2,1,0,0,0,1,0,0,0,0,2,3,0,2,0,0,0,4,9,0,false
C:\opt\GraphEvoPRV2\projects\walt\walt-12-35\google-walt-56cd259\android\WALT\app\src\main\java\org\chromium\latency\walt\Utils.java,org.chromium.latency.walt.Utils,"extract/3[int[],int,double[]]",false,88,2,1,1,0,6,0,16,1,4,3,0,0,0,2,3,0,0,1,3,5,0,2,0,0,0,32,9,0,true
C:\opt\GraphEvoPRV2\projects\walt\walt-12-35\google-walt-56cd259\android\WALT\app\src\main\java\org\chromium\latency\walt\Utils.java,org.chromium.latency.walt.Utils,mean/1[double[]],false,42,1,1,1,0,2,0,5,1,1,1,0,0,0,1,0,0,0,0,1,2,1,1,0,0,0,4,9,0,false
C:\opt\GraphEvoPRV2\projects\walt\walt-12-35\google-walt-56cd259\android\WALT\app\src\main\java\org\chromium\latency\walt\Utils.java,org.chromium.latency.walt.Utils,median/1[java.util.ArrayList<java.lang.Double>],false,27,0,3,3,0,3,3,14,3,2,1,3,0,0,0,2,0,1,0,8,2,7,1,0,0,0,5,9,0,false
C:\opt\GraphEvoPRV2\projects\walt\walt-12-35\google-walt-56cd259\android\WALT\app\src\main\java\org\chromium\latency\walt\UsMotionEvent.java,org.chromium.latency.walt.UsMotionEvent,getActionString/0,false,68,1,3,2,1,1,1,3,1,0,0,1,1,1,0,0,0,0,0,0,0,0,0,0,0,0,5,1,0,false
C:\opt\GraphEvoPRV2\projects\walt\walt-12-35\google-walt-56cd259\android\WALT\app\src\main\java\org\chromium\latency\walt\UsMotionEvent.java,org.chromium.latency.walt.UsMotionEvent,"getHistoricalEventTimeMicro/2[org.chromium.latency.walt.MotionEvent,int]",false,132,1,1,1,0,2,5,12,1,3,2,5,0,0,0,0,1,0,3,2,4,1,1,0,0,0,16,2,0,false
C:\opt\GraphEvoPRV2\projects\walt\walt-12-35\google-walt-56cd259\android\WALT\app\src\main\java\org\chromium\latency\walt\UsMotionEvent.java,org.chromium.latency.walt.UsMotionEvent,"UsMotionEvent/2[org.chromium.latency.walt.MotionEvent,long]",true,47,3,3,1,2,1,5,9,0,0,2,5,1,1,0,0,0,0,0,1,7,2,0,0,0,0,22,1,0,true
C:\opt\GraphEvoPRV2\projects\walt\walt-12-35\google-walt-56cd259\android\WALT\app\src\main\java\org\chromium\latency\walt\UsMotionEvent.java,org.chromium.latency.walt.UsMotionEvent,"UsMotionEvent/3[org.chromium.latency.walt.MotionEvent,long,int]",true,57,3,3,1,2,1,4,9,0,0,3,4,1,1,0,0,0,0,0,0,7,2,0,0,0,0,15,1,0,false
C:\opt\GraphEvoPRV2\projects\walt\walt-12-35\google-walt-56cd259\android\WALT\app\src\main\java\org\chromium\latency\walt\UsMotionEvent.java,org.chromium.latency.walt.UsMotionEvent,getEventTimeMicro/1[org.chromium.latency.walt.MotionEvent],false,119,1,1,1,0,2,5,12,1,3,1,5,0,0,0,0,1,0,3,2,4,1,1,0,0,0,44,2,0,true
C:\opt\GraphEvoPRV2\projects\walt\walt-12-35\google-walt-56cd259\android\WALT\app\src\main\java\org\chromium\latency\walt\UsMotionEvent.java,org.chromium.latency.walt.UsMotionEvent,toStringLong/0,false,79,1,2,1,1,1,2,3,1,0,0,2,1,1,0,0,0,0,1,0,0,0,0,0,0,0,9,1,0,false
C:\opt\GraphEvoPRV2\projects\walt\walt-12-35\google-walt-56cd259\android\WALT\app\src\main\java\org\chromium\latency\walt\UsMotionEvent.java,org.chromium.latency.walt.UsMotionEvent,actionToString/1[int],false,86,0,2,2,0,10,0,23,10,0,1,0,0,0,0,0,0,0,10,0,0,0,1,0,0,0,3,9,0,false
C:\opt\GraphEvoPRV2\projects\walt\walt-12-35\google-walt-56cd259\android\WALT\app\src\main\java\org\chromium\latency\walt\UsMotionEvent.java,org.chromium.latency.walt.UsMotionEvent,toString/0,false,73,0,0,0,0,1,1,3,1,0,0,1,0,0,0,0,0,0,1,0,0,0,0,0,0,0,2,1,0,false
C:\opt\GraphEvoPRV2\projects\walt\walt-12-35\google-walt-56cd259\android\WALT\app\src\main\java\org\chromium\latency\walt\MainActivity.java,org.chromium.latency.walt.MainActivity,onClickClockSync/1[org.chromium.latency.walt.View],false,217,3,2,0,2,1,1,4,0,1,1,1,1,1,0,0,0,0,1,0,1,0,0,0,0,0,11,1,0,false
C:\opt\GraphEvoPRV2\projects\walt\walt-12-35\google-walt-56cd259\android\WALT\app\src\main\java\org\chromium\latency\walt\MainActivity.java,org.chromium.latency.walt.MainActivity,attemptSaveAndShareLog/0,false,300,1,4,2,2,2,4,10,0,2,0,4,2,1,0,1,0,0,0,0,2,0,1,0,0,0,13,2,0,false
C:\opt\GraphEvoPRV2\projects\walt\walt-12-35\google-walt-56cd259\android\WALT\app\src\main\java\org\chromium\latency\walt\MainActivity.java,org.chromium.latency.walt.MainActivity,onClickDragLatency/1[org.chromium.latency.walt.View],false,242,3,2,0,2,1,1,4,0,1,1,1,1,1,0,0,0,0,1,0,1,0,0,0,0,0,10,1,0,false
C:\opt\GraphEvoPRV2\projects\walt\walt-12-35\google-walt-56cd259\android\WALT\app\src\main\java\org\chromium\latency\walt\MainActivity.java,org.chromium.latency.walt.MainActivity,onSupportNavigateUp/0,false,173,0,0,0,0,1,5,6,1,0,0,5,0,0,0,0,0,0,0,0,0,0,0,0,0,0,11,1,0,false
C:\opt\GraphEvoPRV2\projects\walt\walt-12-35\google-walt-56cd259\android\WALT\app\src\main\java\org\chromium\latency\walt\MainActivity.java,org.chromium.latency.walt.MainActivity,onClickAudio/1[org.chromium.latency.walt.View],false,232,3,2,0,2,1,1,4,0,1,1,1,1,1,0,0,0,0,1,0,1,0,0,0,0,0,9,1,0,false
C:\opt\GraphEvoPRV2\projects\walt\walt-12-35\google-walt-56cd259\android\WALT\app\src\main\java\org\chromium\latency\walt\MainActivity.java,org.chromium.latency.walt.MainActivity,onClickStartListener/1[org.chromium.latency.walt.View],false,273,3,4,0,4,3,5,13,0,0,1,5,0,0,0,0,1,0,1,0,0,1,2,0,0,0,14,1,0,false
C:\opt\GraphEvoPRV2\projects\walt\walt-12-35\google-walt-56cd259\android\WALT\app\src\main\java\org\chromium\latency\walt\MainActivity.java,org.chromium.latency.walt.MainActivity,"onRequestPermissionsResult/3[int,java.lang.String[],int[]]",false,314,4,2,0,2,4,2,12,1,0,3,2,1,2,0,1,0,0,1,2,0,0,2,0,0,0,19,1,0,false
C:\opt\GraphEvoPRV2\projects\walt\walt-12-35\google-walt-56cd259\android\WALT\app\src\main\java\org\chromium\latency\walt\MainActivity.java,org.chromium.latency.walt.MainActivity,saveLogToFile/0,false,326,1,3,1,2,3,12,24,1,5,0,12,0,0,0,0,1,0,6,0,7,3,2,0,0,0,16,1,0,false
C:\opt\GraphEvoPRV2\projects\walt\walt-12-35\google-walt-56cd259\android\WALT\app\src\main\java\org\chromium\latency\walt\MainActivity.java,org.chromium.latency.walt.MainActivity,onClickScreenResponse/1[org.chromium.latency.walt.View],false,227,3,2,0,2,1,1,4,0,1,1,1,1,1,0,0,0,0,1,0,1,0,0,0,0,0,9,1,0,false
C:\opt\GraphEvoPRV2\projects\walt\walt-12-35\google-walt-56cd259\android\WALT\app\src\main\java\org\chromium\latency\walt\MainActivity.java,org.chromium.latency.walt.MainActivity,onClickMIDI/1[org.chromium.latency.walt.View],false,237,3,2,0,2,1,1,4,0,1,1,1,1,1,0,0,0,0,1,0,1,0,0,0,0,0,12,1,0,false
C:\opt\GraphEvoPRV2\projects\walt\walt-12-35\google-walt-56cd259\android\WALT\app\src\main\java\org\chromium\latency\walt\MainActivity.java,org.chromium.latency.walt.MainActivity,toast/1[java.lang.String],false,167,1,1,0,1,1,3,4,0,0,1,3,0,0,0,0,0,0,0,0,0,0,0,0,0,0,2,1,0,false
C:\opt\GraphEvoPRV2\projects\walt\walt-12-35\google-walt-56cd259\android\WALT\app\src\main\java\org\chromium\latency\walt\MainActivity.java,org.chromium.latency.walt.MainActivity,onCreate/1[org.chromium.latency.walt.Bundle],false,131,7,5,0,5,1,14,18,0,2,1,14,0,0,0,0,0,0,5,0,6,3,0,0,0,0,31,4,0,false
C:\opt\GraphEvoPRV2\projects\walt\walt-12-35\google-walt-56cd259\android\WALT\app\src\main\java\org\chromium\latency\walt\MainActivity.java,org.chromium.latency.walt.MainActivity,onCreateOptionsMenu/1[org.chromium.latency.walt.Menu],false,159,1,0,0,0,1,2,5,1,0,1,2,0,0,0,0,0,0,0,0,1,0,0,0,0,0,9,1,0,false
C:\opt\GraphEvoPRV2\projects\walt\walt-12-35\google-walt-56cd259\android\WALT\app\src\main\java\org\chromium\latency\walt\MainActivity.java,org.chromium.latency.walt.MainActivity,onOptionsItemSelected/1[org.chromium.latency.walt.MenuItem],false,183,2,1,0,1,4,5,15,4,1,1,5,1,2,0,0,0,0,1,0,1,1,1,0,0,0,13,1,0,false
C:\opt\GraphEvoPRV2\projects\walt\walt-12-35\google-walt-56cd259\android\WALT\app\src\main\java\org\chromium\latency\walt\MainActivity.java,org.chromium.latency.walt.MainActivity,onResume/0,false,91,5,3,0,3,5,13,29,0,3,0,13,1,1,0,2,0,0,2,0,4,0,1,1,0,0,20,4,0,false
C:\opt\GraphEvoPRV2\projects\walt\walt-12-35\google-walt-56cd259\android\WALT\app\src\main\java\org\chromium\latency\walt\MainActivity.java,org.chromium.latency.walt.MainActivity,onNewIntent/1[org.chromium.latency.walt.Intent],false,125,1,0,0,0,1,2,4,0,0,1,2,0,0,0,0,0,0,0,0,0,0,0,0,0,0,5,4,0,false
C:\opt\GraphEvoPRV2\projects\walt\walt-12-35\google-walt-56cd259\android\WALT\app\src\main\java\org\chromium\latency\walt\MainActivity.java,org.chromium.latency.walt.MainActivity,"switchScreen/2[org.chromium.latency.walt.Fragment,java.lang.String]",false,208,2,8,8,0,1,8,8,0,1,2,8,0,0,0,0,0,0,0,0,1,0,0,0,0,0,12,2,0,false
C:\opt\GraphEvoPRV2\projects\walt\walt-12-35\google-walt-56cd259\android\WALT\app\src\main\java\org\chromium\latency\walt\MainActivity.java,org.chromium.latency.walt.MainActivity,onClickTapLatency/1[org.chromium.latency.walt.View],false,222,3,2,0,2,1,1,4,0,1,1,1,1,1,0,0,0,0,1,0,1,0,0,0,0,0,10,1,0,false
C:\opt\GraphEvoPRV2\projects\walt\walt-12-35\google-walt-56cd259\android\WALT\app\src\main\java\org\chromium\latency\walt\MainActivity.java,org.chromium.latency.walt.MainActivity,onClickCheckDrift/1[org.chromium.latency.walt.View],false,293,3,4,0,4,1,5,6,0,2,1,5,0,0,0,0,0,0,1,0,2,0,0,0,0,0,13,1,0,false
C:\opt\GraphEvoPRV2\projects\walt\walt-12-35\google-walt-56cd259\android\WALT\app\src\main\java\org\chromium\latency\walt\MainActivity.java,org.chromium.latency.walt.MainActivity,shareLogFile/1[java.lang.String],false,364,2,2,1,1,2,9,16,0,2,1,9,0,0,0,0,1,0,6,0,2,1,1,0,0,0,15,1,0,false
C:\opt\GraphEvoPRV2\projects\walt\walt-12-35\google-walt-56cd259\android\WALT\app\src\main\java\org\chromium\latency\walt\MainActivity.java,org.chromium.latency.walt.MainActivity,onClickReconnect/1[org.chromium.latency.walt.View],false,256,2,1,0,1,1,1,3,0,0,1,1,0,0,0,0,0,0,0,0,0,0,0,0,0,0,5,1,0,false
C:\opt\GraphEvoPRV2\projects\walt\walt-12-35\google-walt-56cd259\android\WALT\app\src\main\java\org\chromium\latency\walt\MainActivity.java,org.chromium.latency.walt.MainActivity,onClickOpenLog/1[org.chromium.latency.walt.View],false,247,3,2,0,2,1,1,4,0,1,1,1,1,1,0,0,0,0,1,0,1,0,0,0,0,0,10,1,0,false
C:\opt\GraphEvoPRV2\projects\walt\walt-12-35\google-walt-56cd259\android\WALT\app\src\main\java\org\chromium\latency\walt\MainActivity.java,org.chromium.latency.walt.MainActivity,onClickPing/1[org.chromium.latency.walt.View],false,260,3,3,0,3,2,5,11,0,2,1,5,0,0,0,0,1,0,2,1,2,3,1,0,0,0,14,1,0,false
C:\opt\GraphEvoPRV2\projects\walt\walt-12-35\google-walt-56cd259\android\WALT\app\src\main\java\org\chromium\latency\walt\MainActivity.java,org.chromium.latency.walt.MainActivity,onClickSync/1[org.chromium.latency.walt.View],false,285,3,2,0,2,2,3,8,0,0,1,3,0,0,0,0,1,0,1,0,0,1,1,0,0,0,10,1,0,false
C:\opt\GraphEvoPRV2\projects\walt\walt-12-35\google-walt-56cd259\android\WALT\app\src\main\java\org\chromium\latency\walt\AudioTest.java,org.chromium.latency.walt.AudioTest$Anonymous3,run/0,false,197,2,24,0,24,2,5,13,1,1,0,5,0,0,0,0,1,0,2,0,2,2,1,0,0,0,10,1,0,false
C:\opt\GraphEvoPRV2\projects\walt\walt-12-35\google-walt-56cd259\android\WALT\app\src\main\java\org\chromium\latency\walt\AudioTest.java,org.chromium.latency.walt.AudioTest$Anonymous4,run/0,false,214,3,24,0,24,4,5,18,1,10,0,5,0,0,1,1,0,4,2,6,10,10,1,0,0,0,32,1,0,false
C:\opt\GraphEvoPRV2\projects\walt\walt-12-35\google-walt-56cd259\android\WALT\app\src\main\java\org\chromium\latency\walt\ClockManager.java,org.chromium.latency.walt.ClockManager$TriggerMessage,TriggerMessage/1[java.lang.String],true,433,0,1,1,0,1,3,7,0,1,1,3,0,0,0,0,0,0,1,5,5,0,0,0,0,0,8,0,0,false
C:\opt\GraphEvoPRV2\projects\walt\walt-12-35\google-walt-56cd259\android\WALT\app\src\main\java\org\chromium\latency\walt\DiagnosticsFragment.java,org.chromium.latency.walt.DiagnosticsFragment,"onCreateView/3[org.chromium.latency.walt.LayoutInflater,org.chromium.latency.walt.ViewGroup,org.chromium.latency.walt.Bundle]",false,58,5,1,0,1,1,3,4,1,0,3,3,0,0,0,0,0,0,0,0,1,0,0,0,0,0,11,1,0,false
C:\opt\GraphEvoPRV2\projects\walt\walt-12-35\google-walt-56cd259\android\WALT\app\src\main\java\org\chromium\latency\walt\DiagnosticsFragment.java,org.chromium.latency.walt.DiagnosticsFragment,onPause/0,false,77,1,1,0,1,1,2,4,0,0,0,2,0,0,0,0,0,0,0,0,0,0,0,0,0,0,5,1,0,false
C:\opt\GraphEvoPRV2\projects\walt\walt-12-35\google-walt-56cd259\android\WALT\app\src\main\java\org\chromium\latency\walt\DiagnosticsFragment.java,org.chromium.latency.walt.DiagnosticsFragment,DiagnosticsFragment/0,true,51,0,1,1,0,1,0,2,0,0,0,0,0,0,0,0,0,0,0,0,0,0,0,0,0,0,2,1,0,false
C:\opt\GraphEvoPRV2\projects\walt\walt-12-35\google-walt-56cd259\android\WALT\app\src\main\java\org\chromium\latency\walt\DiagnosticsFragment.java,org.chromium.latency.walt.DiagnosticsFragment,onResume/0,false,65,3,2,0,2,1,7,8,0,0,0,7,0,0,0,0,0,0,0,0,2,0,0,0,0,0,13,1,0,false
C:\opt\GraphEvoPRV2\projects\walt\walt-12-35\google-walt-56cd259\android\WALT\app\src\main\java\org\chromium\latency\walt\DiagnosticsFragment.java,org.chromium.latency.walt.DiagnosticsFragment,appendLogText/1[java.lang.String],false,83,0,1,1,0,1,1,3,0,0,1,1,0,0,0,0,0,0,1,0,0,1,0,0,0,0,4,1,0,false
C:\opt\GraphEvoPRV2\projects\walt\walt-12-35\google-walt-56cd259\android\WALT\app\src\main\java\org\chromium\latency\walt\AudioFragment.java,org.chromium.latency.walt.AudioFragment$Anonymous1,"onReceive/2[org.chromium.latency.walt.Context,org.chromium.latency.walt.Intent]",false,105,2,9,0,9,1,2,4,0,1,2,2,0,0,0,0,0,0,2,0,1,1,0,0,0,0,5,1,0,false
C:\opt\GraphEvoPRV2\projects\walt\walt-12-35\google-walt-56cd259\android\WALT\app\src\main\java\org\chromium\latency\walt\DiagnosticsFragment.java,org.chromium.latency.walt.DiagnosticsFragment$Anonymous1,"onReceive/2[org.chromium.latency.walt.Context,org.chromium.latency.walt.Intent]",false,45,3,9,0,9,1,2,4,0,1,2,2,0,0,0,0,0,0,1,0,1,0,0,0,0,0,5,1,0,false
C:\opt\GraphEvoPRV2\projects\walt\walt-12-35\google-walt-56cd259\android\WALT\app\src\main\java\org\chromium\latency\walt\AutoRunFragment.java,org.chromium.latency.walt.AutoRunFragment,onPause/0,false,135,1,1,0,1,1,2,4,0,0,0,2,0,0,0,0,0,0,0,0,0,0,0,0,0,0,5,1,0,false
C:\opt\GraphEvoPRV2\projects\walt\walt-12-35\google-walt-56cd259\android\WALT\app\src\main\java\org\chromium\latency\walt\AutoRunFragment.java,org.chromium.latency.walt.AutoRunFragment,AutoRunFragment/0,true,96,0,1,1,0,1,0,2,0,0,0,0,0,0,0,0,0,0,0,0,0,0,0,0,0,0,3,1,0,false
C:\opt\GraphEvoPRV2\projects\walt\walt-12-35\google-walt-56cd259\android\WALT\app\src\main\java\org\chromium\latency\walt\AutoRunFragment.java,org.chromium.latency.walt.AutoRunFragment,"onCreateView/3[org.chromium.latency.walt.LayoutInflater,org.chromium.latency.walt.ViewGroup,org.chromium.latency.walt.Bundle]",false,110,7,3,0,3,2,7,11,1,2,3,7,1,1,0,1,0,0,0,0,4,0,1,0,0,0,20,1,0,false
C:\opt\GraphEvoPRV2\projects\walt\walt-12-35\google-walt-56cd259\android\WALT\app\src\main\java\org\chromium\latency\walt\AutoRunFragment.java,org.chromium.latency.walt.AutoRunFragment,doTest/1[org.chromium.latency.walt.Bundle],false,38,3,3,1,2,5,2,50,0,0,1,2,0,0,0,0,0,0,6,0,0,0,1,4,0,0,15,2,0,false
C:\opt\GraphEvoPRV2\projects\walt\walt-12-35\google-walt-56cd259\android\WALT\app\src\main\java\org\chromium\latency\walt\AutoRunFragment.java,org.chromium.latency.walt.AutoRunFragment,onResume/0,false,126,3,2,0,2,1,7,7,0,0,0,7,0,0,0,0,0,0,0,0,1,0,0,0,0,0,15,1,0,false
C:\opt\GraphEvoPRV2\projects\walt\walt-12-35\google-walt-56cd259\android\WALT\app\src\main\java\org\chromium\latency\walt\AutoRunFragment.java,org.chromium.latency.walt.AutoRunFragment,onDestroyView/0,false,86,1,1,0,1,2,2,6,0,0,0,2,0,0,0,1,0,0,0,0,0,0,1,0,0,0,7,1,0,false
C:\opt\GraphEvoPRV2\projects\walt\walt-12-35\google-walt-56cd259\android\WALT\app\src\main\java\org\chromium\latency\walt\ScreenResponseFragment.java,org.chromium.latency.walt.ScreenResponseFragment,finishAndShowStats/0,false,184,4,6,1,5,1,11,10,0,0,0,11,0,0,0,0,0,0,2,4,0,1,0,0,0,0,9,0,0,false
C:\opt\GraphEvoPRV2\projects\walt\walt-12-35\google-walt-56cd259\android\WALT\app\src\main\java\org\chromium\latency\walt\ScreenResponseFragment.java,org.chromium.latency.walt.ScreenResponseFragment,onClick/1[org.chromium.latency.walt.View],false,204,3,2,0,2,3,3,10,2,0,1,3,1,1,0,2,0,0,1,0,0,0,1,0,0,0,8,1,0,false
C:\opt\GraphEvoPRV2\projects\walt\walt-12-35\google-walt-56cd259\android\WALT\app\src\main\java\org\chromium\latency\walt\ScreenResponseFragment.java,org.chromium.latency.walt.ScreenResponseFragment,onResume/0,false,65,1,0,0,0,1,3,6,0,0,0,3,0,0,0,0,0,0,0,0,1,0,0,0,0,0,7,1,0,false
C:\opt\GraphEvoPRV2\projects\walt\walt-12-35\google-walt-56cd259\android\WALT\app\src\main\java\org\chromium\latency\walt\ScreenResponseFragment.java,org.chromium.latency.walt.ScreenResponseFragment,startMeasurement/0,false,77,2,3,1,2,2,7,16,1,0,0,7,0,0,0,0,1,0,2,3,3,1,1,0,0,0,15,0,0,false
C:\opt\GraphEvoPRV2\projects\walt\walt-12-35\google-walt-56cd259\android\WALT\app\src\main\java\org\chromium\latency\walt\ScreenResponseFragment.java,org.chromium.latency.walt.ScreenResponseFragment,"onCreateView/3[org.chromium.latency.walt.LayoutInflater,org.chromium.latency.walt.ViewGroup,org.chromium.latency.walt.Bundle]",false,56,6,2,0,2,1,5,6,1,0,3,5,0,0,0,0,0,0,0,0,3,0,0,0,0,0,15,1,0,false
C:\opt\GraphEvoPRV2\projects\walt\walt-12-35\google-walt-56cd259\android\WALT\app\src\main\java\org\chromium\latency\walt\ScreenResponseFragment.java,org.chromium.latency.walt.ScreenResponseFragment,ScreenResponseFragment/0,true,49,0,1,1,0,1,0,2,0,0,0,0,0,0,0,0,0,0,0,0,0,0,0,0,0,0,3,1,0,false
C:\opt\GraphEvoPRV2\projects\walt\walt-12-35\google-walt-56cd259\android\WALT\app\src\main\java\org\chromium\latency\walt\TapLatencyFragment.java,org.chromium.latency.walt.TapLatencyFragment,restartMeasurement/0,false,174,3,6,3,3,2,5,17,1,0,0,5,1,1,0,0,1,0,2,5,5,1,1,0,0,0,23,0,0,false
C:\opt\GraphEvoPRV2\projects\walt\walt-12-35\google-walt-56cd259\android\WALT\app\src\main\java\org\chromium\latency\walt\TapLatencyFragment.java,org.chromium.latency.walt.TapLatencyFragment,TapLatencyFragment/0,true,100,0,1,1,0,1,0,2,0,0,0,0,0,0,0,0,0,0,0,0,0,0,0,0,0,0,3,1,0,false
C:\opt\GraphEvoPRV2\projects\walt\walt-12-35\google-walt-56cd259\android\WALT\app\src\main\java\org\chromium\latency\walt\TapLatencyFragment.java,org.chromium.latency.walt.TapLatencyFragment,"onCreateView/3[org.chromium.latency.walt.LayoutInflater,org.chromium.latency.walt.ViewGroup,org.chromium.latency.walt.Bundle]",false,107,6,2,0,2,1,5,6,1,0,3,5,0,0,0,0,0,0,0,0,3,0,0,0,0,0,15,1,0,false
C:\opt\GraphEvoPRV2\projects\walt\walt-12-35\google-walt-56cd259\android\WALT\app\src\main\java\org\chromium\latency\walt\TapLatencyFragment.java,org.chromium.latency.walt.TapLatencyFragment,onResume/0,false,116,4,3,0,3,1,8,11,0,0,0,8,1,2,0,0,0,2,0,0,2,0,0,0,0,0,15,1,0,false
C:\opt\GraphEvoPRV2\projects\walt\walt-12-35\google-walt-56cd259\android\WALT\app\src\main\java\org\chromium\latency\walt\TapLatencyFragment.java,org.chromium.latency.walt.TapLatencyFragment,checkTapSanity/1[org.chromium.latency.walt.UsMotionEvent],false,142,2,3,1,2,4,3,14,3,2,1,3,0,0,0,1,0,1,3,4,2,4,1,0,0,0,15,1,0,false
C:\opt\GraphEvoPRV2\projects\walt\walt-12-35\google-walt-56cd259\android\WALT\app\src\main\java\org\chromium\latency\walt\TapLatencyFragment.java,org.chromium.latency.walt.TapLatencyFragment,appendLogText/1[java.lang.String],false,138,0,1,1,0,1,1,3,0,0,1,1,0,0,0,0,0,0,1,0,0,1,0,0,0,0,4,1,0,false
C:\opt\GraphEvoPRV2\projects\walt\walt-12-35\google-walt-56cd259\android\WALT\app\src\main\java\org\chromium\latency\walt\TapLatencyFragment.java,org.chromium.latency.walt.TapLatencyFragment,onClick/1[org.chromium.latency.walt.View],false,249,2,2,0,2,3,3,10,2,0,1,3,2,3,0,2,0,0,0,0,0,0,1,0,0,0,10,1,0,false
C:\opt\GraphEvoPRV2\projects\walt\walt-12-35\google-walt-56cd259\android\WALT\app\src\main\java\org\chromium\latency\walt\TapLatencyFragment.java,org.chromium.latency.walt.TapLatencyFragment,updateCountsDisplay/0,false,160,1,2,2,0,1,3,7,0,3,0,3,0,0,0,0,0,0,2,0,3,0,0,0,0,0,8,0,0,false
C:\opt\GraphEvoPRV2\projects\walt\walt-12-35\google-walt-56cd259\android\WALT\app\src\main\java\org\chromium\latency\walt\TapLatencyFragment.java,org.chromium.latency.walt.TapLatencyFragment,onPause/0,false,133,1,1,0,1,1,2,4,0,0,0,2,0,0,0,0,0,0,0,0,0,0,0,0,0,0,5,1,0,false
C:\opt\GraphEvoPRV2\projects\walt\walt-12-35\google-walt-56cd259\android\WALT\app\src\main\java\org\chromium\latency\walt\TapLatencyFragment.java,org.chromium.latency.walt.TapLatencyFragment,printStats/1[int],false,224,2,3,1,2,5,5,12,0,2,1,5,0,0,1,2,0,2,1,2,2,4,2,0,0,0,11,2,0,false
C:\opt\GraphEvoPRV2\projects\walt\walt-12-35\google-walt-56cd259\android\WALT\app\src\main\java\org\chromium\latency\walt\TapLatencyFragment.java,org.chromium.latency.walt.TapLatencyFragment,finishAndShowStats/0,false,194,3,7,1,6,1,7,13,0,2,0,7,2,2,0,0,0,0,5,0,2,2,0,0,0,0,31,0,0,false
C:\opt\GraphEvoPRV2\projects\walt\walt-12-35\google-walt-56cd259\android\WALT\app\src\main\java\org\chromium\latency\walt\MainActivity.java,org.chromium.latency.walt.MainActivity$Anonymous1,run/0,false,106,1,24,0,24,2,2,8,0,0,0,2,0,0,0,1,0,0,0,0,0,0,1,0,0,0,4,1,0,false
C:\opt\GraphEvoPRV2\projects\walt\walt-12-35\google-walt-56cd259\android\WALT\app\src\main\java\org\chromium\latency\walt\MidiTest.java,org.chromium.latency.walt.MidiTest$WaltReceiver,"onSend/4[byte[],int,int,long]",false,237,3,2,0,2,3,3,9,0,0,4,3,0,0,0,1,0,0,1,3,2,2,1,0,0,0,15,1,0,false
C:\opt\GraphEvoPRV2\projects\walt\walt-12-35\google-walt-56cd259\android\WALT\app\src\main\java\org\chromium\latency\walt\DragLatencyFragment.java,org.chromium.latency.walt.DragLatencyFragment$Anonymous1,"onReceive/2[org.chromium.latency.walt.Context,org.chromium.latency.walt.Intent]",false,55,3,9,0,9,1,2,4,0,1,2,2,0,0,0,0,0,0,1,0,1,0,0,0,0,0,5,1,0,false
C:\opt\GraphEvoPRV2\projects\walt\walt-12-35\google-walt-56cd259\android\WALT\app\src\main\java\org\chromium\latency\walt\MidiTest.java,org.chromium.latency.walt.MidiTest,setupMidiOut/0,false,113,1,5,1,4,1,5,7,0,0,0,5,0,0,0,0,0,0,0,1,1,0,0,0,0,0,11,2,0,false
C:\opt\GraphEvoPRV2\projects\walt\walt-12-35\google-walt-56cd259\android\WALT\app\src\main\java\org\chromium\latency\walt\MidiTest.java,org.chromium.latency.walt.MidiTest,teardownMidiOut/0,false,189,2,6,2,4,2,6,11,0,0,0,6,0,0,0,0,1,0,1,0,0,1,1,0,0,0,11,2,0,false
C:\opt\GraphEvoPRV2\projects\walt\walt-12-35\google-walt-56cd259\android\WALT\app\src\main\java\org\chromium\latency\walt\MidiTest.java,org.chromium.latency.walt.MidiTest,MidiTest/1[org.chromium.latency.walt.Context],true,57,5,5,2,3,1,4,6,0,0,1,4,1,1,0,0,0,0,0,0,3,0,0,0,0,0,10,0,0,false
C:\opt\GraphEvoPRV2\projects\walt\walt-12-35\google-walt-56cd259\android\WALT\app\src\main\java\org\chromium\latency\walt\MidiTest.java,org.chromium.latency.walt.MidiTest,findMidiDevice/0,false,122,3,2,1,1,3,6,25,0,2,0,6,0,0,1,0,0,0,2,0,3,1,2,1,0,0,24,2,0,false
C:\opt\GraphEvoPRV2\projects\walt\walt-12-35\google-walt-56cd259\android\WALT\app\src\main\java\org\chromium\latency\walt\MidiTest.java,org.chromium.latency.walt.MidiTest,testMidiOut/0,false,64,2,6,2,4,4,6,26,2,0,0,6,2,1,0,1,1,0,3,0,0,2,2,1,0,0,23,0,0,false
C:\opt\GraphEvoPRV2\projects\walt\walt-12-35\google-walt-56cd259\android\WALT\app\src\main\java\org\chromium\latency\walt\MidiTest.java,org.chromium.latency.walt.MidiTest,scheduleNote/0,false,159,1,2,1,1,3,4,15,2,1,0,4,0,0,0,1,1,0,2,4,2,4,1,0,0,0,18,2,0,false
C:\opt\GraphEvoPRV2\projects\walt\walt-12-35\google-walt-56cd259\android\WALT\app\src\main\java\org\chromium\latency\walt\MidiTest.java,org.chromium.latency.walt.MidiTest,teardownMidiIn/0,false,254,1,2,1,1,2,3,8,0,0,0,3,0,0,0,0,1,0,1,0,0,1,1,0,0,0,11,2,0,false
C:\opt\GraphEvoPRV2\projects\walt\walt-12-35\google-walt-56cd259\android\WALT\app\src\main\java\org\chromium\latency\walt\MidiTest.java,org.chromium.latency.walt.MidiTest,setupMidiIn/0,false,248,2,3,1,2,1,3,5,0,0,0,3,0,0,0,0,0,0,0,1,1,0,0,0,0,0,11,2,0,false
C:\opt\GraphEvoPRV2\projects\walt\walt-12-35\google-walt-56cd259\android\WALT\app\src\main\java\org\chromium\latency\walt\MidiTest.java,org.chromium.latency.walt.MidiTest,finishMidiOut/0,false,174,2,3,1,2,1,3,5,0,0,0,3,1,1,0,0,0,0,1,0,0,0,0,0,0,0,7,2,0,false
C:\opt\GraphEvoPRV2\projects\walt\walt-12-35\google-walt-56cd259\android\WALT\app\src\main\java\org\chromium\latency\walt\MidiTest.java,org.chromium.latency.walt.MidiTest,testMidiIn/0,false,89,2,5,2,3,4,5,25,2,0,0,5,1,1,0,1,1,0,3,0,0,1,2,1,0,0,20,0,0,false
C:\opt\GraphEvoPRV2\projects\walt\walt-12-35\google-walt-56cd259\android\WALT\app\src\main\java\org\chromium\latency\walt\DragLatencyFragment.java,org.chromium.latency.walt.DragLatencyFragment$Anonymous2,"onTouch/2[org.chromium.latency.walt.View,org.chromium.latency.walt.MotionEvent]",false,63,4,9,0,9,2,4,13,1,5,2,4,0,0,1,0,0,0,0,2,6,1,1,0,0,0,19,1,0,false
C:\opt\GraphEvoPRV2\projects\walt\walt-12-35\google-walt-56cd259\android\WALT\app\src\main\java\org\chromium\latency\walt\DragLatencyFragment.java,org.chromium.latency.walt.DragLatencyFragment$Anonymous3,onReceive/1[org.chromium.latency.walt.ClockManager.TriggerMessage],false,298,2,4,0,4,1,2,4,0,0,1,2,0,0,0,0,0,0,0,0,0,0,0,0,0,0,6,1,0,false
C:\opt\GraphEvoPRV2\projects\walt\walt-12-35\google-walt-56cd259\android\WALT\app\src\main\java\org\chromium\latency\walt\MainActivity.java,org.chromium.latency.walt.MainActivity$LoggingExceptionHandler,"uncaughtException/2[java.lang.Thread,java.lang.Throwable]",false,74,2,0,0,0,1,6,10,0,3,2,6,0,0,0,0,0,0,2,1,3,1,0,0,0,0,16,1,0,false
C:\opt\GraphEvoPRV2\projects\walt\walt-12-35\google-walt-56cd259\android\WALT\app\src\main\java\org\chromium\latency\walt\ClockManager.java,org.chromium.latency.walt.ClockManager,setTriggerHandler/1[org.chromium.latency.walt.ClockManager.TriggerHandler],false,487,1,4,4,0,1,0,3,0,0,1,0,0,0,0,0,0,0,0,0,1,0,0,0,0,0,5,0,0,false
C:\opt\GraphEvoPRV2\projects\walt\walt-12-35\google-walt-56cd259\android\WALT\app\src\main\java\org\chromium\latency\walt\ClockManager.java,org.chromium.latency.walt.ClockManager,updateBounds/0,false,558,0,3,3,0,1,0,1,0,0,0,0,0,0,0,0,0,0,0,0,0,0,0,0,0,0,2,257,0,false
C:\opt\GraphEvoPRV2\projects\walt\walt-12-35\google-walt-56cd259\android\WALT\app\src\main\java\org\chromium\latency\walt\ClockManager.java,org.chromium.latency.walt.ClockManager,getInstance/1[org.chromium.latency.walt.Context],false,86,2,8,7,1,2,1,8,1,0,1,1,0,0,0,1,0,0,0,0,1,0,2,0,0,0,9,9,0,false
C:\opt\GraphEvoPRV2\projects\walt\walt-12-35\google-walt-56cd259\android\WALT\app\src\main\java\org\chromium\latency\walt\ClockManager.java,org.chromium.latency.walt.ClockManager,getMinE/0,false,560,0,3,3,0,1,0,1,0,0,0,0,0,0,0,0,0,0,0,0,0,0,0,0,0,0,3,257,0,false
C:\opt\GraphEvoPRV2\projects\walt\walt-12-35\google-walt-56cd259\android\WALT\app\src\main\java\org\chromium\latency\walt\ClockManager.java,org.chromium.latency.walt.ClockManager,readTriggerMessage/1[char],false,442,2,3,1,2,1,2,3,1,0,1,2,2,5,0,0,0,0,0,0,0,0,0,0,0,0,9,0,0,false
C:\opt\GraphEvoPRV2\projects\walt\walt-12-35\google-walt-56cd259\android\WALT\app\src\main\java\org\chromium\latency\walt\ClockManager.java,org.chromium.latency.walt.ClockManager,disconnect/0,false,156,1,3,1,2,2,4,11,0,0,0,4,2,1,0,0,0,0,0,0,4,0,1,0,0,0,14,1,0,false
C:\opt\GraphEvoPRV2\projects\walt\walt-12-35\google-walt-56cd259\android\WALT\app\src\main\java\org\chromium\latency\walt\ClockManager.java,org.chromium.latency.walt.ClockManager,isConnected/0,false,111,0,7,7,0,3,0,3,1,0,0,0,0,0,0,2,0,3,0,0,0,0,0,0,0,0,7,1,0,false
C:\opt\GraphEvoPRV2\projects\walt\walt-12-35\google-walt-56cd259\android\WALT\app\src\main\java\org\chromium\latency\walt\ClockManager.java,org.chromium.latency.walt.ClockManager,registerConnectCallback/1[java.lang.Runnable],false,115,3,2,1,1,2,3,13,1,0,1,3,1,1,0,0,0,0,0,0,0,0,1,1,0,0,22,1,0,false
C:\opt\GraphEvoPRV2\projects\walt\walt-12-35\google-walt-56cd259\android\WALT\app\src\main\java\org\chromium\latency\walt\ClockManager.java,org.chromium.latency.walt.ClockManager,sendReceive/1[char],false,293,1,4,2,2,1,2,4,1,0,1,2,2,3,0,0,0,0,0,0,0,0,0,0,0,0,9,2,0,false
C:\opt\GraphEvoPRV2\projects\walt\walt-12-35\google-walt-56cd259\android\WALT\app\src\main\java\org\chromium\latency\walt\ClockManager.java,org.chromium.latency.walt.ClockManager,microTime/0,false,95,0,3,3,0,1,1,3,1,0,0,1,0,0,0,0,0,0,0,1,0,1,0,0,0,0,2,9,0,false
C:\opt\GraphEvoPRV2\projects\walt\walt-12-35\google-walt-56cd259\android\WALT\app\src\main\java\org\chromium\latency\walt\ClockManager.java,org.chromium.latency.walt.ClockManager,syncClock/0,false,368,2,16,11,5,4,9,21,0,4,0,9,4,1,0,0,1,0,5,1,7,2,1,0,0,0,25,1,0,false
C:\opt\GraphEvoPRV2\projects\walt\walt-12-35\google-walt-56cd259\android\WALT\app\src\main\java\org\chromium\latency\walt\ClockManager.java,org.chromium.latency.walt.ClockManager,flipCase/1[char],false,315,0,1,1,0,3,4,11,3,0,1,4,0,0,0,0,0,0,0,0,0,0,1,0,0,0,3,2,0,false
C:\opt\GraphEvoPRV2\projects\walt\walt-12-35\google-walt-56cd259\android\WALT\app\src\main\java\org\chromium\latency\walt\ClockManager.java,org.chromium.latency.walt.ClockManager,logDrift/0,false,393,2,7,2,5,2,6,10,1,2,0,6,4,1,0,0,0,0,2,0,2,0,1,0,0,0,18,1,0,false
C:\opt\GraphEvoPRV2\projects\walt\walt-12-35\google-walt-56cd259\android\WALT\app\src\main\java\org\chromium\latency\walt\ClockManager.java,org.chromium.latency.walt.ClockManager,sendByte/1[char],false,268,1,4,2,2,2,3,6,0,0,1,3,2,1,0,0,0,0,1,2,0,0,1,0,0,0,10,2,0,false
C:\opt\GraphEvoPRV2\projects\walt\walt-12-35\google-walt-56cd259\android\WALT\app\src\main\java\org\chromium\latency\walt\ClockManager.java,org.chromium.latency.walt.ClockManager,"command/2[char,char]",false,298,1,5,2,3,3,7,11,2,1,2,7,3,4,0,0,0,0,4,1,1,1,1,0,0,0,16,0,0,false
C:\opt\GraphEvoPRV2\projects\walt\walt-12-35\google-walt-56cd259\android\WALT\app\src\main\java\org\chromium\latency\walt\ClockManager.java,org.chromium.latency.walt.ClockManager,connect/0,false,130,2,4,2,2,1,2,4,0,1,0,2,2,1,0,0,0,0,0,0,1,0,0,0,0,0,5,1,0,false
C:\opt\GraphEvoPRV2\projects\walt\walt-12-35\google-walt-56cd259\android\WALT\app\src\main\java\org\chromium\latency\walt\ClockManager.java,org.chromium.latency.walt.ClockManager,findUsbDevice/0,false,228,2,2,1,1,4,9,20,2,4,0,9,0,0,1,2,0,0,6,1,6,1,2,0,0,0,25,1,0,false
C:\opt\GraphEvoPRV2\projects\walt\walt-12-35\google-walt-56cd259\android\WALT\app\src\main\java\org\chromium\latency\walt\ClockManager.java,org.chromium.latency.walt.ClockManager,parseTriggerMessage/1[java.lang.String],false,446,1,3,2,1,1,1,3,1,0,1,1,0,0,0,0,0,0,0,0,0,0,0,0,0,0,4,0,0,false
C:\opt\GraphEvoPRV2\projects\walt\walt-12-35\google-walt-56cd259\android\WALT\app\src\main\java\org\chromium\latency\walt\ClockManager.java,org.chromium.latency.walt.ClockManager,isListenerStopped/0,false,529,1,8,7,1,1,1,3,1,0,0,1,0,0,0,0,0,0,0,0,0,0,0,0,0,0,3,1,0,false
C:\opt\GraphEvoPRV2\projects\walt\walt-12-35\google-walt-56cd259\android\WALT\app\src\main\java\org\chromium\latency\walt\ClockManager.java,org.chromium.latency.walt.ClockManager,(initializer 1),false,564,0,0,0,0,1,1,3,0,0,0,1,0,0,0,0,0,0,1,0,0,0,0,0,0,0,0,8,0,false
C:\opt\GraphEvoPRV2\projects\walt\walt-12-35\google-walt-56cd259\android\WALT\app\src\main\java\org\chromium\latency\walt\ClockManager.java,org.chromium.latency.walt.ClockManager,ClockManager/1[org.chromium.latency.walt.Context],true,103,4,3,1,2,1,3,7,0,0,1,3,0,0,0,0,0,0,0,0,5,0,0,0,0,0,10,2,0,false
C:\opt\GraphEvoPRV2\projects\walt\walt-12-35\google-walt-56cd259\android\WALT\app\src\main\java\org\chromium\latency\walt\ClockManager.java,org.chromium.latency.walt.ClockManager,readOne/0,false,276,2,2,1,1,3,3,13,1,3,0,3,1,1,0,0,0,0,3,4,3,1,1,0,0,0,15,2,0,false
C:\opt\GraphEvoPRV2\projects\walt\walt-12-35\google-walt-56cd259\android\WALT\app\src\main\java\org\chromium\latency\walt\ClockManager.java,org.chromium.latency.walt.ClockManager,readLastShockTime/0,false,408,2,3,1,2,3,5,19,2,2,0,5,1,4,0,0,2,0,3,2,3,3,1,0,0,0,25,1,0,false
C:\opt\GraphEvoPRV2\projects\walt\walt-12-35\google-walt-56cd259\android\WALT\app\src\main\java\org\chromium\latency\walt\ClockManager.java,org.chromium.latency.walt.ClockManager,readLastShockTime_mock/0,false,404,1,1,0,1,1,1,3,1,0,0,1,1,2,0,0,0,0,0,1,0,1,0,0,0,0,6,1,0,false
C:\opt\GraphEvoPRV2\projects\walt\walt-12-35\google-walt-56cd259\android\WALT\app\src\main\java\org\chromium\latency\walt\ClockManager.java,org.chromium.latency.walt.ClockManager,clearTriggerHandler/0,false,491,0,4,4,0,1,0,3,0,0,0,0,0,0,0,0,0,0,0,0,1,0,0,0,0,0,5,0,0,false
C:\opt\GraphEvoPRV2\projects\walt\walt-12-35\google-walt-56cd259\android\WALT\app\src\main\java\org\chromium\latency\walt\ClockManager.java,org.chromium.latency.walt.ClockManager,"syncClock/3[int,int,int]",false,556,0,1,1,0,1,0,1,0,0,3,0,0,0,0,0,0,0,0,0,0,0,0,0,0,0,4,258,0,false
C:\opt\GraphEvoPRV2\projects\walt\walt-12-35\google-walt-56cd259\android\WALT\app\src\main\java\org\chromium\latency\walt\ClockManager.java,org.chromium.latency.walt.ClockManager,getMaxE/0,false,562,0,4,4,0,1,0,1,0,0,0,0,0,0,0,0,0,0,0,0,0,0,0,0,0,0,3,257,0,false
C:\opt\GraphEvoPRV2\projects\walt\walt-12-35\google-walt-56cd259\android\WALT\app\src\main\java\org\chromium\latency\walt\ClockManager.java,org.chromium.latency.walt.ClockManager,connect/1[org.chromium.latency.walt.UsbDevice],false,135,5,3,2,1,2,4,11,1,1,1,4,0,0,0,1,0,0,2,2,2,0,1,0,0,0,23,1,0,false
C:\opt\GraphEvoPRV2\projects\walt\walt-12-35\google-walt-56cd259\android\WALT\app\src\main\java\org\chromium\latency\walt\ClockManager.java,org.chromium.latency.walt.ClockManager,startListener/0,false,533,2,7,5,2,2,3,8,0,0,0,3,1,1,0,0,0,0,2,0,1,0,1,0,0,0,12,1,0,false
C:\opt\GraphEvoPRV2\projects\walt\walt-12-35\google-walt-56cd259\android\WALT\app\src\main\java\org\chromium\latency\walt\ClockManager.java,org.chromium.latency.walt.ClockManager,micros/0,false,99,1,5,4,1,1,1,3,1,0,0,1,1,1,0,0,0,0,0,0,0,1,0,0,0,0,4,1,0,false
C:\opt\GraphEvoPRV2\projects\walt\walt-12-35\google-walt-56cd259\android\WALT\app\src\main\java\org\chromium\latency\walt\ClockManager.java,org.chromium.latency.walt.ClockManager,stopListener/0,false,542,2,8,6,2,2,4,11,0,0,0,4,0,0,0,0,1,0,3,0,0,1,1,0,0,0,6,1,0,false
C:\opt\GraphEvoPRV2\projects\walt\walt-12-35\google-walt-56cd259\android\WALT\app\src\main\java\org\chromium\latency\walt\ClockManager.java,org.chromium.latency.walt.ClockManager,checkVersion/0,false,356,2,4,1,3,4,7,9,0,2,0,7,3,6,0,0,0,0,2,0,2,0,1,0,0,0,24,1,0,false
C:\opt\GraphEvoPRV2\projects\walt\walt-12-35\google-walt-56cd259\android\WALT\app\src\main\java\org\chromium\latency\walt\ClockManager.java,org.chromium.latency.walt.ClockManager,command/1[char],false,311,1,8,6,2,1,2,3,1,0,1,2,2,5,0,0,0,0,0,0,0,0,0,0,0,0,5,0,0,false
C:\opt\GraphEvoPRV2\projects\walt\walt-12-35\google-walt-56cd259\android\WALT\app\src\main\java\org\chromium\latency\walt\ClockManager.java,org.chromium.latency.walt.ClockManager,readAll/0,false,325,2,1,0,1,4,5,20,1,7,0,5,1,1,1,0,0,0,2,6,7,2,2,0,0,0,29,1,0,false
C:\opt\GraphEvoPRV2\projects\walt\walt-12-35\google-walt-56cd259\android\WALT\app\src\main\java\org\chromium\latency\walt\ClockManager.java,org.chromium.latency.walt.ClockManager,char2byte/1[char],false,262,1,1,1,0,1,0,5,1,1,1,0,0,0,0,0,0,0,0,2,2,0,0,0,0,0,3,2,0,false
C:\opt\GraphEvoPRV2\projects\walt\walt-12-35\google-walt-56cd259\android\WALT\app\src\main\java\org\chromium\latency\walt\ClockManager.java,org.chromium.latency.walt.ClockManager$Anonymous3,"onReceive/2[org.chromium.latency.walt.Context,org.chromium.latency.walt.Intent]",false,182,6,9,0,9,5,12,35,2,4,2,12,0,0,0,1,1,0,5,3,7,1,2,0,0,0,51,1,0,false
C:\opt\GraphEvoPRV2\projects\walt\walt-12-35\google-walt-56cd259\android\WALT\app\src\main\java\org\chromium\latency\walt\ClockManager.java,org.chromium.latency.walt.ClockManager$Anonymous2,"onReceive/2[org.chromium.latency.walt.Context,org.chromium.latency.walt.Intent]",false,171,5,9,0,9,3,5,7,0,1,2,5,0,0,0,0,0,0,1,0,1,0,1,0,0,0,11,1,0,false
C:\opt\GraphEvoPRV2\projects\walt\walt-12-35\google-walt-56cd259\android\WALT\app\src\main\java\org\chromium\latency\walt\ClockManager.java,org.chromium.latency.walt.ClockManager$Anonymous1,"onReceive/2[org.chromium.latency.walt.Context,org.chromium.latency.walt.Intent]",false,123,2,9,0,9,1,2,4,0,0,2,2,0,0,0,0,0,0,0,0,0,0,0,0,0,0,4,1,0,false
C:\opt\GraphEvoPRV2\projects\walt\walt-12-35\google-walt-56cd259\android\WALT\app\src\main\java\org\chromium\latency\walt\ClockManager.java,org.chromium.latency.walt.ClockManager$TriggerHandler,TriggerHandler/0,true,469,1,0,0,0,1,0,3,0,0,0,0,0,0,0,0,0,0,0,0,1,0,0,0,0,0,3,0,0,false
C:\opt\GraphEvoPRV2\projects\walt\walt-12-35\google-walt-56cd259\android\WALT\app\src\main\java\org\chromium\latency\walt\ClockManager.java,org.chromium.latency.walt.ClockManager$TriggerHandler,onReceive/1[org.chromium.latency.walt.ClockManager.TriggerMessage],false,482,1,1,1,0,1,0,1,0,0,1,0,0,0,0,0,0,0,0,0,0,0,0,0,0,0,5,1024,0,false
C:\opt\GraphEvoPRV2\projects\walt\walt-12-35\google-walt-56cd259\android\WALT\app\src\main\java\org\chromium\latency\walt\ClockManager.java,org.chromium.latency.walt.ClockManager$TriggerHandler,go/1[org.chromium.latency.walt.ClockManager.TriggerMessage],false,473,1,2,1,1,1,1,8,0,0,1,1,0,0,0,0,0,0,0,0,0,0,0,1,0,0,8,2,0,false
C:\opt\GraphEvoPRV2\projects\walt\walt-12-35\google-walt-56cd259\android\WALT\app\src\main\java\org\chromium\latency\walt\LogFragment.java,org.chromium.latency.walt.LogFragment$Anonymous1,"onReceive/2[org.chromium.latency.walt.Context,org.chromium.latency.walt.Intent]",false,45,3,9,0,9,1,2,4,0,1,2,2,0,0,0,0,0,0,1,0,1,0,0,0,0,0,5,1,0,false
C:\opt\GraphEvoPRV2\projects\walt\walt-12-35\google-walt-56cd259\android\WALT\app\src\main\java\org\chromium\latency\walt\CrashLogActivity.java,org.chromium.latency.walt.CrashLogActivity,onCreate/1[org.chromium.latency.walt.Bundle],false,34,2,0,0,0,1,6,6,0,0,1,6,0,0,0,0,0,0,1,0,1,0,0,0,0,0,18,4,0,false
C:\opt\GraphEvoPRV2\projects\walt\walt-12-35\google-walt-56cd259\android\WALT\app\src\main\java\org\chromium\latency\walt\TapLatencyFragment.java,org.chromium.latency.walt.TapLatencyFragment$Anonymous2,"onTouch/2[org.chromium.latency.walt.View,org.chromium.latency.walt.MotionEvent]",false,65,6,9,0,9,7,7,28,2,2,2,7,0,0,0,4,0,0,4,0,4,2,2,0,0,0,23,1,0,false
C:\opt\GraphEvoPRV2\projects\walt\walt-12-35\google-walt-56cd259\android\WALT\app\src\main\java\org\chromium\latency\walt\MidiFragment.java,org.chromium.latency.walt.MidiFragment,"onCreateView/3[org.chromium.latency.walt.LayoutInflater,org.chromium.latency.walt.ViewGroup,org.chromium.latency.walt.Bundle]",false,43,6,2,0,2,1,4,6,1,0,3,4,0,0,0,0,0,0,0,0,3,0,0,0,0,0,16,1,0,false
C:\opt\GraphEvoPRV2\projects\walt\walt-12-35\google-walt-56cd259\android\WALT\app\src\main\java\org\chromium\latency\walt\MidiFragment.java,org.chromium.latency.walt.MidiFragment,onClick/1[org.chromium.latency.walt.View],false,75,2,2,0,2,3,3,10,0,0,1,3,0,0,0,0,0,0,0,0,0,0,1,0,0,0,4,1,0,false
C:\opt\GraphEvoPRV2\projects\walt\walt-12-35\google-walt-56cd259\android\WALT\app\src\main\java\org\chromium\latency\walt\MidiFragment.java,org.chromium.latency.walt.MidiFragment,onResume/0,false,55,2,2,0,2,1,6,8,0,0,0,6,0,0,0,0,0,0,0,0,1,0,0,0,0,0,7,1,0,false
C:\opt\GraphEvoPRV2\projects\walt\walt-12-35\google-walt-56cd259\android\WALT\app\src\main\java\org\chromium\latency\walt\MidiFragment.java,org.chromium.latency.walt.MidiFragment,onPause/0,false,69,1,1,0,1,1,2,4,0,0,0,2,0,0,0,0,0,0,0,0,0,0,0,0,0,0,5,1,0,false
C:\opt\GraphEvoPRV2\projects\walt\walt-12-35\google-walt-56cd259\android\WALT\app\src\main\java\org\chromium\latency\walt\MidiFragment.java,org.chromium.latency.walt.MidiFragment,MidiFragment/0,true,37,0,1,1,0,1,0,2,0,0,0,0,0,0,0,0,0,0,0,0,0,0,0,0,0,0,2,1,0,false
C:\opt\GraphEvoPRV2\projects\walt\walt-12-35\google-walt-56cd259\android\WALT\app\src\main\java\org\chromium\latency\walt\ScreenResponseFragment.java,org.chromium.latency.walt.ScreenResponseFragment$Anonymous3,onReceive/1[org.chromium.latency.walt.ClockManager.TriggerMessage],false,157,2,4,0,4,3,4,18,2,1,1,4,0,0,0,1,0,1,4,4,1,3,2,0,0,0,32,1,0,false
C:\opt\GraphEvoPRV2\projects\walt\walt-12-35\google-walt-56cd259\android\WALT\app\src\main\java\org\chromium\latency\walt\ScreenResponseFragment.java,org.chromium.latency.walt.ScreenResponseFragment$Anonymous2,run/0,false,124,3,24,0,24,5,5,17,2,1,0,5,0,0,0,1,0,0,3,3,3,1,1,0,0,0,24,1,0,false
C:\opt\GraphEvoPRV2\projects\walt\walt-12-35\google-walt-56cd259\android\WALT\app\src\main\java\org\chromium\latency\walt\ScreenResponseFragment.java,org.chromium.latency.walt.ScreenResponseFragment$Anonymous1,run/0,false,100,3,24,0,24,2,8,14,0,1,0,8,0,0,0,0,1,0,2,1,1,2,1,0,0,0,9,1,0,false
C:\opt\GraphEvoPRV2\projects\walt\walt-12-35\google-walt-56cd259\android\WALT\app\src\main\java\org\chromium\latency\walt\LogFragment.java,org.chromium.latency.walt.LogFragment,onPause/0,false,75,1,1,0,1,1,2,4,0,0,0,2,0,0,0,0,0,0,0,0,0,0,0,0,0,0,5,1,0,false
C:\opt\GraphEvoPRV2\projects\walt\walt-12-35\google-walt-56cd259\android\WALT\app\src\main\java\org\chromium\latency\walt\LogFragment.java,org.chromium.latency.walt.LogFragment,"onCreateView/3[org.chromium.latency.walt.LayoutInflater,org.chromium.latency.walt.ViewGroup,org.chromium.latency.walt.Bundle]",false,58,5,1,0,1,1,4,5,1,0,3,4,0,0,0,0,0,0,0,0,2,0,0,0,0,0,13,1,0,false
C:\opt\GraphEvoPRV2\projects\walt\walt-12-35\google-walt-56cd259\android\WALT\app\src\main\java\org\chromium\latency\walt\LogFragment.java,org.chromium.latency.walt.LogFragment,LogFragment/0,true,51,0,1,1,0,1,0,2,0,0,0,0,0,0,0,0,0,0,0,0,0,0,0,0,0,0,2,1,0,false
C:\opt\GraphEvoPRV2\projects\walt\walt-12-35\google-walt-56cd259\android\WALT\app\src\main\java\org\chromium\latency\walt\LogFragment.java,org.chromium.latency.walt.LogFragment,appendLogText/1[java.lang.String],false,80,0,1,1,0,1,1,3,0,0,1,1,0,0,0,0,0,0,1,0,0,1,0,0,0,0,4,1,0,false
C:\opt\GraphEvoPRV2\projects\walt\walt-12-35\google-walt-56cd259\android\WALT\app\src\main\java\org\chromium\latency\walt\LogFragment.java,org.chromium.latency.walt.LogFragment,onResume/0,false,66,3,2,0,2,1,6,7,0,0,0,6,0,0,0,0,0,0,0,0,1,0,0,0,0,0,10,1,0,false
